iter	Logloss
0	0.6158980616
1	0.5963952858
